id;title;date;link;topic
international_0;Le ministre de la justice américain annonce qu’il n’interviendra dans aucune enquête sur l’élection;2017-3-02T11:10:55;http://www.lemonde.fr/ameriques/article/2017/03/02/le-ministre-de-la-justice-americain-annonce-qu-il-n-interviendra-dans-aucune-enquete-sur-l-election_5088489_3222.html;international
international_1;La génération Erasmus à la rescousse de l’Europe ?;2017-3-02T08:33:54;http://www.lemonde.fr/campus/article/2017/03/02/la-generation-erasmus-a-la-rescousse-de-l-europe_5088465_4401467.html;international
international_2;La question migratoire au cœur de la visite d’Angela Merkel en Tunisie;2017-3-02T08:01:43;http://www.lemonde.fr/afrique/article/2017/03/02/la-question-migratoire-l-un-des-enjeux-de-la-visite-d-angela-merkel-en-tunisie_5088456_3212.html;international
international_3;Donald Trump de nouveau rattrapé par ses liens avec la Russie;2017-3-02T07:24:11;http://www.lemonde.fr/ameriques/article/2017/03/02/donald-trump-de-nouveau-rattrape-par-ses-liens-avec-la-russie_5088441_3222.html;international
international_4;Deux meetings pro-Erdogan annulés en Allemagne;2017-3-02T07:05:53;http://www.lemonde.fr/europe/article/2017/03/02/deux-meetings-pro-erdogan-annules-en-allemagne_5088423_3214.html;international
international_5;« Les Syriens méritent de vivre en démocratie, libres et égaux »;2017-3-02T06:04:38;http://www.lemonde.fr/idees/article/2017/03/02/les-syriens-meritent-de-vivre-en-democratie-libres-et-egaux_5088410_3232.html;international
international_6;« Jean Ping est le cheval de Troie des Gabonais pour se débarrasser d’Ali Bongo »;2017-3-02T05:46:47;http://www.lemonde.fr/afrique/article/2017/03/02/jean-ping-est-le-cheval-de-troie-des-gabonais-pour-se-debarrasser-d-ali-bongo_5088392_3212.html;international
international_7;Al-Qaida confirme la mort d’un de ses chefs en Syrie;2017-3-02T05:44:38;http://www.lemonde.fr/al-qaida/article/2017/03/02/al-qaida-confirme-la-mort-d-un-de-ses-chefs-en-syrie_5088389_1667095.html;international
international_8;« La post-vérité a radicalement transformé les campagnes électorales »;2017-3-02T05:29:36;http://www.lemonde.fr/politique/article/2017/03/02/la-post-verite-a-une-histoire_5088375_823448.html;international
international_9;Mécontente de son image dans le jeu vidéo « Ghost Recon Wildlands », la Bolivie convoque l’ambassadeur de France;2017-3-02T05:18:43;http://www.lemonde.fr/pixels/article/2017/03/02/mecontente-de-son-image-dans-le-jeu-video-ghost-recon-wildlands-la-bolivie-convoque-l-ambassadeur-de-france_5088366_4408996.html;international
international_10;Jdoun, le drôle de mème qui traduit le malaise de la société russe;2017-3-02T04:46:55;http://www.lemonde.fr/pixels/video/2017/03/02/jdoun-le-drole-de-meme-qui-traduit-le-malaise-de-la-societe-russe_5088331_4408996.html;international
international_11;Le « droit à l’oubli » doit être précisé par la justice européenne;2017-3-02T04:43:21;http://www.lemonde.frhttp://sosconso.blog.lemonde.fr/2017/03/02/le-droit-a-loubli-doit-etre-precise-par-la-justice-europeenne/;international
international_12;Entre Berlin et Washington, deux visions du monde qui s’affrontent;2017-3-02T04:17:54;http://www.lemonde.fr/international/article/2017/03/02/entre-berlin-et-washington-un-mur-d-incomprehension_5088314_3210.html;international
international_13;Moscou annonce la reprise de la ville de Palmyre par l’armée syrienne;2017-3-02T03:53:04;http://www.lemonde.fr/international/article/2017/03/02/moscou-annonce-la-reprise-de-la-ville-de-palmyre-par-l-armee-syrienne_5088295_3210.html;international
international_14;A Téhéran, la démolition de la villa de Gio Ponti suscite l’indignation;2017-3-02T03:52:06;http://www.lemonde.fr/architecture/article/2017/03/02/a-teheran-la-demolition-de-la-villa-de-gio-ponti-suscite-l-indignation_5088287_1809550.html;international
international_15;Pour que ses lecteurs puissent commenter, un site les oblige à (vraiment) lire l’article avant;2017-3-02T03:38:19;http://www.lemonde.fr/big-browser/article/2017/03/02/pour-pouvoir-commenter-un-site-oblige-les-lecteurs-a-vraiment-lire-l-article-avant_5088270_4832693.html;international
international_16;Avortement : mobilisation à Bruxelles pour contrer Donald Trump;2017-3-02T03:27:06;http://www.lemonde.fr/donald-trump/article/2017/03/02/avortement-mobilisation-a-bruxelles-pour-contrer-donald-trump_5088257_4853715.html;international
international_17;Gao Bo, la part d’ombre chinoise;2017-3-02T03:19:39;http://www.lemonde.fr/culture/article/2017/03/02/gao-bo-la-part-d-ombre-chinoise_5088239_3246.html;international
international_18;Les enjeux des élections législatives anticipées en Irlande du Nord;2017-3-02T03:03:33;http://www.lemonde.fr/international/article/2017/03/02/les-enjeux-des-legislatives-anticipees-en-irlande-du-nord_5088220_3210.html;international
international_19;Aux Etats-Unis, des stratégies pour contrer le « manterrupting »;2017-3-02T02:47:18;http://www.lemonde.fr/idees/article/2017/03/02/aux-etats-unis-des-strategies-pour-contrer-le-manterrupting_5088214_3232.html;international
international_20;Ukraine : au moins onze morts dans une mine;2017-3-02T02:02:35;http://www.lemonde.fr/europe/article/2017/03/02/ukraine-au-moins-onze-morts-dans-une-mine_5088198_3214.html;international
international_21;L’Australie et le Canada, deux sociétés multiculturelles à l’immigration choisie;2017-3-02T12:32:04;http://www.lemonde.fr/international/article/2017/03/02/l-australie-et-le-canada-deux-societes-multiculturelles-a-l-immigration-choisie_5088157_3210.html;international
international_22;Quand un café au lait mesure l’inflation au Venezuela;2017-3-02T12:08:34;http://www.lemonde.fr/economie/article/2017/03/02/quand-un-cafe-au-lait-mesure-l-inflation-au-venezuela_5088129_3234.html;international
international_23;Londres face à la mémoire des enfants déportés dans les colonies;2017-3-02T11:57:58;http://www.lemonde.fr/international/article/2017/03/02/londres-face-a-la-memoire-des-enfants-deportes-dans-les-colonies_5088123_3210.html;international
international_24;En Europe, la coalition contre les extrêmes;2017-3-02T11:36:34;http://www.lemonde.fr/europe/article/2017/03/02/en-europe-la-coalition-contre-les-extremes_5088093_3214.html;international
international_25;Les Bourses profitent des annonces de Trump;2017-3-02T11:29:06;http://www.lemonde.fr/bourse/article/2017/03/02/les-bourses-profitent-des-annonces-de-trump_5088084_1764778.html;international
international_26;Les Suédois paient-ils trop d’impôts ?;2017-3-02T11:26:48;http://www.lemonde.fr/europe/article/2017/03/02/les-suedois-paient-ils-trop-d-impots_5088081_3214.html;international
international_27;Le capitalisme français cherche encore son Mark Zuckerberg;2017-3-02T11:22:33;http://www.lemonde.fr/economie/article/2017/03/02/le-capitalisme-francais-cherche-encore-son-mark-zuckerberg_5088078_3234.html;international
international_28;Le Brexit inquiète le secteur automobile britannique;2017-3-02T11:18:14;http://www.lemonde.fr/economie/article/2017/03/02/le-brexit-inquiete-le-secteur-automobile-britannique_5088075_3234.html;international
international_29;Aux Etats-Unis, le ministre de la justice soupçonné d’avoir caché des contacts avec la Russie;2017-3-02T11:06:25;http://www.lemonde.fr/international/article/2017/03/02/aux-etats-unis-jeff-sessions-soupconne-d-avoir-cache-des-contacts-avec-la-russie_5088065_3210.html;international
international_30;L’EI appelle les Ouïgours à frapper la Chine;2017-3-02T10:43:28;http://www.lemonde.fr/asie-pacifique/article/2017/03/02/l-ei-appelle-les-ouigours-a-frapper-la-chine_5088013_3216.html;international
international_31;Les enjeux de la visite d’Angela Merkel au Caire et à Tunis;2017-3-02T10:06:26;http://www.lemonde.fr/afrique/article/2017/03/02/angela-merkel-en-visite-au-caire-et-a-tunis_5087973_3212.html;international
international_32;Bruxelles pousse les Etats à accélérer l’expulsion des migrants en situation irrégulière;2017-3-02T10:04:31;http://www.lemonde.fr/europe/article/2017/03/02/bruxelles-pousse-les-etats-a-accelerer-l-expulsion-des-migrants-en-situation-irreguliere_5087969_3214.html;international
international_33;Soudan du Sud : « La famine est un échec inconcevable »;2017-3-02T09:56:48;http://www.lemonde.fr/idees/article/2017/03/02/soudan-du-sud-la-famine-est-un-echec-inconcevable_5087947_3232.html;international
international_34;Mort de Kim Jong-nam : la Malaisie annonce la libération d’un suspect nord-coréen;2017-3-02T08:20:28;http://www.lemonde.fr/asie-pacifique/article/2017/03/02/mort-de-kim-jong-nam-la-malaisie-annonce-la-liberation-du-nord-coreen_5087900_3216.html;international
international_35;Guerre de 2014 à Gaza : les hiérarques israéliens en cause;2017-3-02T07:40:45;http://www.lemonde.fr/proche-orient/article/2017/03/02/guerre-de-2014-a-gaza-les-hierarques-israeliens-en-cause_5087889_3218.html;international
international_36;Au Vatican, la curie accusée d’inertie dans la lutte contre la pédophilie;2017-3-02T06:42:45;http://www.lemonde.fr/societe/article/2017/03/02/pedophilie-la-curie-vaticane-accusee-d-inertie_5087865_3224.html;international
international_37;Jdoun, mascotte de la patience et symbole d’une Russie qui n’en peut plus d’attendre;2017-3-02T06:40:37;http://www.lemonde.fr/europe/article/2017/03/02/jdoun-mascotte-de-la-patience-et-symbole-d-une-russie-qui-n-en-peut-plus-d-attendre_5087856_3214.html;international
international_38;Ces élites politiques hypocrites qui en appellent au peuple;2017-3-02T06:40:00;http://www.lemonde.fr/idees/article/2017/03/02/cet-hypocrite-au-nom-du-peuple_5087851_3232.html;international
international_39;La Malaisie va suspendre l’exemption de visas des Nord-Coréens;2017-3-02T05:30:41;http://www.lemonde.fr/asie-pacifique/article/2017/03/02/la-malaisie-va-suspendre-l-exemption-de-visas-des-nord-coreens_5087832_3216.html;international
international_40;La journée de Donald Trump : après le grand oral vint le silence;2017-3-02T04:23:43;http://www.lemonde.fr/chroniques-de-la-presidence-trump/article/2017/03/02/la-journee-de-donald-trump-apres-le-grand-oral-vint-le-silence_5087829_5077160.html;international
international_41;Brexit : la Chambre des lords vote un amendement favorable aux résidents européens;2017-3-01T09:43:09;http://www.lemonde.fr/referendum-sur-le-brexit/article/2017/03/01/la-chambre-des-lords-vote-un-amendement-retardant-le-brexit_5087804_4872498.html;international
international_42;Canada, Australie : quel est ce système de l’immigration choisie vanté par Donald Trump ?;2017-3-01T07:57:10;http://www.lemonde.fr/ameriques/article/2017/03/01/canada-australie-quel-est-ce-systeme-de-l-immigration-choisie-vante-par-donald-trump_5087786_3222.html;international
international_43;Le discours devant le Congrès, une version sobre du « trumpisme »;2017-3-01T06:50:17;http://www.lemonde.fr/donald-trump/article/2017/03/01/le-discours-devant-le-congres-une-version-sobre-du-trumpisme_5087758_4853715.html;international
international_44;Donald Trump, le « président Twitter » a cédé la place au « président prompteur »;2017-3-01T06:40:35;http://www.lemonde.fr/donald-trump/article/2017/03/01/donald-trump-le-president-twitter-a-cede-la-place-au-president-prompteur_5087753_4853715.html;international
international_45;Le suicide assisté de DJ Fabo dans une clinique suisse bouleverse l’Italie;2017-3-01T05:48:09;http://www.lemonde.fr/europe/article/2017/03/01/le-suicide-assiste-de-dj-fabo-dans-une-clinique-suisse-bouleverse-l-italie_5087711_3214.html;international
international_46;Les groupes djihadistes accentuent leur emprise sur le nord-ouest de la Syrie;2017-3-01T05:01:04;http://www.lemonde.fr/syrie/article/2017/03/01/les-groupes-djihadistes-accentuent-leur-emprise-sur-le-nord-ouest-de-la-syrie_5087684_1618247.html;international
international_47;Posez vos questions sur le premier discours de Trump devant le Congrès;2017-3-01T03:52:40;http://www.lemonde.fr/donald-trump/live/2017/03/01/posez-vos-questions-sur-le-premier-discours-de-trump-devant-le-congres_5087642_4853715.html;international
international_48;Juncker présente au Parlement européen ses propositions pour relancer l’Union;2017-3-01T03:29:41;http://www.lemonde.fr/europe/article/2017/03/01/jean-claude-juncker-presente-au-parlement-europeen-ses-propositions-pour-relancer-l-union_5087631_3214.html;international
international_49;Un rapport de l’ONU accuse toutes les parties de la bataille d’Alep de crimes de guerre;2017-3-01T03:14:46;http://www.lemonde.fr/syrie/article/2017/03/01/un-rapport-de-l-onu-accuse-le-regime-syrien-d-avoir-deliberement-vise-un-convoi-humanitaire_5087616_1618247.html;international
international_50;Donald Trump face au Congrès américain : « Nous assistons aujourd’hui à la renaissance de l’esprit américain »;2017-3-01T03:05:31;http://www.lemonde.fr/idees/article/2017/03/01/donald-trump-face-au-congres-americain-nous-assistons-aujourd-hui-a-la-renaissance-de-l-esprit-americain_5087609_3232.html;international
international_51;Spectaculaire éruption de l’Etna en Sicile;2017-3-01T02:49:16;http://www.lemonde.fr/planete/video/2017/03/01/spectaculaire-eruption-de-l-etna-en-sicile_5087590_3244.html;international
international_52;Les pieds de Kellyanne Conway sur le canapé de la Maison Blanche : « débat » stérile et perte de temps;2017-3-01T02:23:23;http://www.lemonde.fr/big-browser/article/2017/03/01/les-pieds-de-kellyanne-conway-sur-le-canape-de-la-maison-blanche-un-debat-sterile-qui-tourne-en-rond_5087568_4832693.html;international
international_53;Bugeat, ce village de Corrèze qui se réjouit tant d’accueillir une famille de réfugiés soudanais;2017-3-01T02:03:09;http://www.lemonde.fr/les-nouveaux-arrivants/article/2017/03/01/bugeat-ce-village-de-correze-qui-se-rejouit-tant-d-accueillir-une-famille-de-refugies-soudanais_5087551_5084811.html;international
international_54;Un village de Corrèze s’organise pour recevoir une famille de migrants sud-soudanais;2017-3-01T01:54:53;http://www.lemonde.fr/les-nouveaux-arrivants/portfolio/2017/03/01/un-village-de-correze-s-organise-pour-recevoir-une-famille-de-migrants-sud-soudanais_5087544_5084811.html;international
international_55;Une famille de réfugiés, du Soudan à Israël et peut-être bientôt en France;2017-3-01T01:52:03;http://www.lemonde.fr/les-nouveaux-arrivants/article/2017/03/01/une-famille-de-refugies-du-soudan-a-israel-et-peut-etre-bientot-en-france_5087526_5084811.html;international
international_56;Après l’exil, la vie des migrants qui reprend;2017-3-01T01:45:47;http://www.lemonde.fr/les-nouveaux-arrivants/article/2017/03/01/apres-l-exil-la-vie-des-migrants-qui-reprend_5087514_5084811.html;international
international_57;Devenir réfugié en France, mode d’emploi;2017-3-01T01:37:41;http://www.lemonde.fr/les-nouveaux-arrivants/article/2017/03/01/devenir-refugie-en-france-mode-d-emploi_5087507_5084811.html;international
international_58;Quelque 26 000 civils ont fui Mossoul ces dix derniers jours;2017-3-01T01:11:59;http://www.lemonde.fr/moyen-orient-irak/article/2017/03/01/environ-20-000-civils-ont-fui-mossoul-ces-dix-derniers-jours_5087501_1667109.html;international
international_59;La justice norvégienne estime qu’Anders Breivik n’est pas traité de manière « inhumaine » en prison;2017-3-01T01:07:43;http://www.lemonde.fr/europe/article/2017/03/01/le-traitement-d-anders-breivik-en-prison-pas-juge-inhumain_5087497_3214.html;international
international_60;L’Europe ordonne à la France de récupérer 220 millions d’euros d’aides octroyés à la SNCM;2017-3-01T12:25:58;http://www.lemonde.fr/europe/article/2017/03/01/l-europe-ordonne-a-la-france-de-recuperer-220-millions-d-euros-d-aides-octroyes-a-la-sncm_5087474_3214.html;international
international_61;Donald Trump face au Congrès : que retenir de son allocution ?;2017-3-01T11:56:18;http://www.lemonde.fr/donald-trump/video/2017/03/01/donald-trump-face-au-congres-que-retenir-de-son-allocution_5087441_4853715.html;international
international_62;Trump découvre la difficulté de gouverner;2017-3-01T11:40:09;http://www.lemonde.fr/idees/article/2017/03/01/trump-decouvre-la-difficulte-de-gouverner_5087412_3232.html;international
international_63;Berlin critique Ankara après le placement en détention du journaliste Deniz Yücel;2017-3-01T11:27:17;http://www.lemonde.fr/europe/article/2017/03/01/berlin-critique-ankara-apres-le-placement-en-detention-du-journaliste-deniz-yucel_5087385_3214.html;international
international_64;Les Etats-Unis se déchirent sur l’instauration d’une taxe aux frontières;2017-3-01T11:27:01;http://www.lemonde.fr/economie/article/2017/03/01/les-etats-unis-se-dechirent-sur-l-instauration-d-une-taxe-aux-frontieres_5087383_3234.html;international
international_65;Le plan Trump pour la défense insuffisant et inadéquat;2017-3-01T11:25:50;http://www.lemonde.fr/ameriques/article/2017/03/01/le-plan-trump-pour-la-defense-insuffisant-et-inadequat_5087379_3222.html;international
international_66;La Maison Blanche se lance à la conquête du camp républicain;2017-3-01T11:25:37;http://www.lemonde.fr/ameriques/article/2017/03/01/la-maison-blanche-se-lance-a-la-conquete-du-camp-republicain_5087377_3222.html;international
international_67;Les chaebols sud-coréens invités à se réformer;2017-3-01T11:25:33;http://www.lemonde.fr/asie-pacifique/article/2017/03/01/les-chaebols-sud-coreens-invites-a-se-reformer_5087376_3216.html;international
international_68;Macron, la troisième voie;2017-3-01T11:20:42;http://www.lemonde.fr/idees/article/2017/03/01/macron-la-troisieme-voie_5087367_3232.html;international
international_69;Aux Etats-Unis, les diplomates du département d’Etat perdent de leur influence;2017-3-01T11:18:44;http://www.lemonde.fr/international/article/2017/03/01/la-perte-d-influence-des-diplomates-du-departement-d-etat_5087361_3210.html;international
international_70;Mali : à Kidal, la nouvelle autorité intérimaire de la région installée;2017-3-01T11:13:52;http://www.lemonde.fr/afrique/article/2017/03/01/a-kidal-la-nouvelle-autorite-interimaire-de-la-region-installee_5087355_3212.html;international
international_71;En Espagne, les lanceurs d’alerte anticorruption réclament une protection;2017-3-01T11:04:23;http://www.lemonde.fr/europe/article/2017/03/01/en-espagne-les-lanceurs-d-alerte-anticorruption-demandent-une-protection_5087350_3214.html;international
international_72;Afghanistan : double attentat contre la police à Kaboul;2017-3-01T10:52:03;http://www.lemonde.fr/asie-pacifique/article/2017/03/01/afghanistan-double-attentat-contre-la-police-a-kaboul_5087323_3216.html;international
international_73;Droits de l’homme : enfin « un devoir de vigilance pour les entreprises transnationales »;2017-3-01T10:51:24;http://www.lemonde.fr/idees/article/2017/03/01/droits-de-l-homme-enfin-un-devoir-de-vigilance-pour-les-entreprises-transnationales_5087320_3232.html;international
international_74;Benoît Hamon veut « renégocier » la dette publique;2017-3-01T10:47:35;http://www.lemonde.fr/election-presidentielle-2017/article/2017/03/01/benoit-hamon-veut-renegocier-la-dette-publique_5087310_4854003.html;international
international_75;Le cinéma khmer passe à l’action;2017-3-01T10:20:54;http://www.lemonde.fr/m-moyen-format/article/2017/03/01/le-cinema-khmer-passe-a-l-action_5087305_4497271.html;international
international_76;Russie : longue perquisition au domicile de la journaliste d’opposition Zoïa Svetova;2017-3-01T09:58:21;http://www.lemonde.fr/europe/article/2017/03/01/russie-longue-perquisition-au-domicile-de-la-journaliste-d-opposition-zoia-svetova_5087288_3214.html;international
international_77;« Le Soudan du Sud est dirigé par une bande de gangsters incompétents »;2017-3-01T09:27:25;http://www.lemonde.fr/afrique/article/2017/03/01/le-soudan-du-sud-est-dirige-par-une-bande-de-gangsters-incompetents_5087278_3212.html;international
international_78;Donald Trump prône une immigration choisie;2017-3-01T08:51:18;http://www.lemonde.fr/ameriques/article/2017/03/01/donald-trump-prone-une-immigration-choisie_5087266_3222.html;international
international_79;Bande de Gaza : regarder les drones en face;2017-3-01T08:34:44;http://www.lemonde.fr/m-moyen-format/portfolio/2017/03/01/regarder-les-drones-en-face_5087261_4497271.html;international
international_80;Israël-Palestine : la guerre des drones;2017-3-01T08:33:47;http://www.lemonde.fr/m-moyen-format/article/2017/03/01/israel-palestine-la-guerre-des-drones_5087248_4497271.html;international
international_81;Trump, plus modéré, met les Etats-Unis au premier plan;2017-3-01T07:54:27;http://www.lemonde.fr/ameriques/article/2017/03/01/trump-plus-modere-met-les-etats-unis-au-premier-plan_5087211_3222.html;international
international_82;L’Etat islamique renforce son empreinte dans le Sinaï;2017-3-01T07:44:11;http://www.lemonde.fr/afrique/article/2017/03/01/l-etat-islamique-renforce-son-empreinte-dans-le-sinai_5087205_3212.html;international
international_83;Face au Congrès, Donald Trump soigne son ton présidentiel sans renier son cap;2017-3-01T06:12:51;http://www.lemonde.fr/donald-trump/article/2017/03/01/face-au-congres-donald-trump-recadre-sa-presidence_5087168_4853715.html;international
international_84;Deux femmes inculpées de l’assassinat de Kim Jong-nam, en Malaisie;2017-3-01T05:18:28;http://www.lemonde.fr/asie-pacifique/article/2017/03/01/deux-femmes-inculpees-de-l-assassinat-de-kim-jong-nam-en-malaisie_5087161_3216.html;international
international_85;Le couple Obama signe un juteux contrat d’édition chez Penguin;2017-3-01T04:50:50;http://www.lemonde.fr/livres/article/2017/03/01/le-couple-obama-signe-un-juteux-contrat-d-edition-chez-penguin_5087157_3260.html;international
international_86;Transferts secrets de la CIA : une ex-espionne partiellement graciée par Rome;2017-3-01T02:08:14;http://www.lemonde.fr/international/article/2017/03/01/une-ex-agent-de-la-cia-partiellement-graciee-par-rome-pour-le-rapt-d-un-imam_5087149_3210.html;international